month_start,month_label,quarter_label,channel_key,campaign,spend,impressions,clicks,signups,paying_subs,revenue_90d,cost_per_signup,cost_per_paying_sub,signup_to_paid_pct,roas_90d
2025-01-01,2025-01,Q1,paid_search,brand_search,1752.64,45372,2062,357,74,3348.47,4.91,23.68,20.7,1.91
2025-02-01,2025-02,Q1,paid_search,brand_search,1580.65,41661,1893,334,78,3098.30,4.73,20.26,23.4,1.96
2025-03-01,2025-03,Q1,paid_search,brand_search,1731.14,45780,2011,397,75,3498.46,4.36,23.08,18.9,2.02
2025-04-01,2025-04,Q2,paid_search,brand_search,1669.26,44030,1946,334,75,3088.45,5.00,22.26,22.5,1.85
2025-05-01,2025-05,Q2,paid_search,brand_search,1769.10,46830,2143,399,88,3488.12,4.43,20.10,22.1,1.97
2025-06-01,2025-06,Q2,paid_search,brand_search,1694.20,44090,2034,356,75,2948.38,4.76,22.59,21.1,1.74
2025-01-01,2025-01,Q1,display,display_network,3861.95,1547071,1874,73,3,239.97,52.90,1287.32,4.1,0.06
2025-02-01,2025-02,Q1,display,display_network,3463.53,1388537,1612,61,1,79.99,56.78,3463.53,1.6,0.02
2025-03-01,2025-03,Q1,display,display_network,3859.24,1546317,1887,53,0,0.00,72.82,NULL,0.0,0.00
2025-04-01,2025-04,Q2,display,display_network,3610.15,1449082,1673,62,4,219.92,58.23,902.54,6.5,0.06
2025-05-01,2025-05,Q2,display,display_network,1659.79,674024,798,19,0,0.00,87.36,NULL,0.0,0.00
2025-06-01,2025-06,Q2,display,display_network,0.00,0,0,0,0,0.00,NULL,NULL,NULL,NULL
2025-01-01,2025-01,Q1,affiliate,finance_blogs,2656.81,122391,1342,162,33,1329.23,16.40,80.51,20.4,0.50
2025-02-01,2025-02,Q1,affiliate,finance_blogs,2426.75,111516,1210,125,23,899.52,19.41,105.51,18.4,0.37
2025-03-01,2025-03,Q1,affiliate,finance_blogs,2550.33,117159,1282,141,27,979.30,18.09,94.46,19.1,0.38
2025-04-01,2025-04,Q2,affiliate,finance_blogs,2584.92,119311,1292,142,32,1269.29,18.20,80.78,22.5,0.49
2025-05-01,2025-05,Q2,affiliate,finance_blogs,2667.10,121105,1364,147,24,929.49,18.14,111.13,16.3,0.35
2025-06-01,2025-06,Q2,affiliate,finance_blogs,2506.53,115129,1262,147,23,909.58,17.05,108.98,15.6,0.36
2025-01-01,2025-01,Q1,paid_search,generic_search,6160.31,155699,3845,352,76,3078.32,17.50,81.06,21.6,0.50
2025-02-01,2025-02,Q1,paid_search,generic_search,5609.13,139830,3551,334,74,2888.37,16.79,75.80,22.2,0.51
2025-03-01,2025-03,Q1,paid_search,generic_search,6010.04,150244,3767,359,74,2878.45,16.74,81.22,20.6,0.48
2025-04-01,2025-04,Q2,paid_search,generic_search,6028.72,152099,3732,336,74,3128.34,17.94,81.47,22.0,0.52
2025-05-01,2025-05,Q2,paid_search,generic_search,6147.49,152160,3695,310,64,2228.68,19.83,96.05,20.6,0.36
2025-06-01,2025-06,Q2,paid_search,generic_search,5983.49,148156,3563,317,70,2738.45,18.88,85.48,22.1,0.46
2025-01-01,2025-01,Q1,paid_social,prospecting_video,5889.14,987923,11842,1082,26,969.38,5.44,226.51,2.4,0.16
2025-02-01,2025-02,Q1,paid_social,prospecting_video,5185.82,867002,10432,999,34,1559.35,5.19,152.52,3.4,0.30
2025-03-01,2025-03,Q1,paid_social,prospecting_video,5794.90,969265,11722,1133,37,1569.13,5.11,156.62,3.3,0.27
2025-04-01,2025-04,Q2,paid_social,prospecting_video,5613.06,928076,11040,1031,38,1499.27,5.44,147.71,3.7,0.27
2025-05-01,2025-05,Q2,paid_social,prospecting_video,5655.46,945058,11368,1081,39,1509.12,5.23,145.01,3.6,0.27
2025-06-01,2025-06,Q2,paid_social,prospecting_video,5777.35,964976,11681,1158,39,1659.18,4.99,148.14,3.4,0.29
2025-01-01,2025-01,Q1,paid_social,retargeting,2268.04,190766,2994,445,72,3198.55,5.10,31.50,16.2,1.41
2025-02-01,2025-02,Q1,paid_social,retargeting,2011.84,167695,2683,351,60,2628.84,5.73,33.53,17.1,1.31
2025-03-01,2025-03,Q1,paid_social,retargeting,2130.09,176857,2822,400,70,2818.44,5.33,30.43,17.5,1.32
2025-04-01,2025-04,Q2,paid_social,retargeting,2217.68,189090,2985,446,71,2978.56,4.97,31.23,15.9,1.34
2025-05-01,2025-05,Q2,paid_social,retargeting,2243.71,185613,3035,451,77,3238.51,4.97,29.14,17.1,1.44
2025-06-01,2025-06,Q2,paid_social,retargeting,2115.86,174859,2726,372,68,2548.50,5.69,31.12,18.3,1.20
