traffic_type,segment,signups,paying_subs,signup_to_paid_pct,revenue_per_signup,annual_plan_share_pct,avg_days_to_subscribe
paid,retargeting,2465,418,17.0,7.06,30.1,3.3
paid,finance_blogs,864,162,18.8,7.31,24.1,3.1
paid,generic_search,2008,432,21.5,8.44,25.0,3.2
unpaid,referral,1063,212,19.9,8.91,34.0,3.4
paid,brand_search,2177,465,21.4,8.94,29.7,3.3
paid,display_network,268,8,3.0,2.01,75.0,5.3
unpaid,organic,3511,345,9.8,4.12,30.1,3.1
paid,prospecting_video,6484,213,3.3,1.35,28.2,3.4
paid,ALL PAID (pooled),14266,1698,11.9,4.87,28.1,3.3
